id;data;descricao;valor;direcao
p1;2026-09-23;Boleto cliente Kappa;85,14;IN
p2;2026-09-04;Pix cliente Zeta;7793,56;IN
p3;2026-09-28;Pix cliente Kappa;870,17;IN
p4;2026-09-01;Pix cliente Epsilon;4092,22;IN
p5;2026-09-11;Boleto cliente Beta;7300,82;IN
p6;2026-09-11;Boleto cliente Zeta;6914,48;IN
p7;2026-09-11;TED cliente Vega;2638,60;IN
p8;2026-09-05;TED cliente Delta;3449,69;IN
p9;2026-09-13;TED cliente Vega;2097,38;IN
p10;2026-09-08;TED cliente Prisma;288,69;IN
p11;2026-09-01;Boleto cliente Epsilon;4170,13;IN
p12;2026-09-10;Boleto cliente Sigma;2316,98;IN
p13;2026-09-17;Pix cliente Kappa;369,91;IN
p14;2026-09-18;Boleto cliente Sigma;4343,24;IN
p15;2026-09-28;Pix cliente Prisma;7937,35;IN
p16;2026-09-04;Boleto cliente Ômega;4799,70;IN
p17;2026-09-20;Pix cliente Vega;899,63;IN
p18;2026-09-19;Boleto cliente Zeta;4881,77;IN
p19;2026-09-25;TED cliente Ômega;2769,01;IN
p20;2026-09-23;TED cliente Prisma;1359,90;IN
p21;2026-09-25;Pix cliente Epsilon;393,53;IN
p22;2026-09-09;Pix cliente Alfa;379,41;IN
p23;2026-09-20;TED cliente Kappa;3767,23;IN
p24;2026-09-15;Boleto cliente Vega;2965,90;IN
p25;2026-09-23;Boleto cliente Delta;708,34;IN
p26;2026-09-25;TED cliente Delta;5869,49;IN
p27;2026-09-15;Pix cliente Beta;311,66;IN
p28;2026-09-20;Boleto cliente Epsilon;5971,09;IN
p29;2026-09-06;Pix cliente Alfa;6042,69;IN
p30;2026-09-11;TED cliente Zeta;1674,02;IN
p31;2026-09-10;Boleto cliente Epsilon;6444,37;IN
p32;2026-09-11;Boleto cliente Sigma;6697,73;IN
p33;2026-09-15;TED cliente Kappa;1021,65;IN
p34;2026-09-03;Pix cliente Delta;4033,98;IN
p35;2026-09-17;Pix cliente Ômega;494,67;IN
p36;2026-09-25;TED cliente Sigma;5183,99;IN
p37;2026-09-17;TED cliente Sigma;5410,46;IN
p38;2026-09-17;TED cliente Vega;5137,91;IN
p39;2026-09-17;Pix cliente Delta;1838,78;IN
p40;2026-09-18;Pix cliente Kappa;3100,07;IN
p41;2026-09-11;Pix cliente Alfa;7284,64;IN
p42;2026-09-22;TED cliente Prisma;5261,33;IN
p43;2026-09-13;TED cliente Sigma;5938,83;IN
p44;2026-09-26;Pix cliente Beta;7889,88;IN
p45;2026-09-07;Boleto cliente Epsilon;5837,64;IN
p46;2026-09-21;Pix cliente Zeta;2187,02;IN
p47;2026-09-01;Boleto cliente Beta;4305,37;IN
p48;2026-09-07;Pix cliente Delta;7380,33;IN
p49;2026-09-07;Boleto cliente Zeta;5859,96;IN
p50;2026-09-18;TED cliente Alfa;221,21;IN
p51;2026-09-07;Pix cliente Kappa;2972,26;IN
p52;2026-09-19;Pix cliente Delta;7446,41;IN
p53;2026-09-16;TED cliente Epsilon;6405,09;IN
p54;2026-09-22;Boleto cliente Vega;7401,89;IN
p55;2026-09-01;Boleto cliente Sigma;4423,78;IN
p56;2026-09-19;Pix cliente Kappa;4548,83;IN
p57;2026-09-01;Pix cliente Vega;7177,84;IN
p58;2026-09-03;Boleto cliente Epsilon;5976,20;IN
p59;2026-09-27;Pix cliente Kappa;358,83;IN
p60;2026-09-02;TED cliente Zeta;4902,06;IN
p61;2026-09-17;Boleto cliente Vega;79,01;IN
p62;2026-09-26;Boleto cliente Kappa;5362,16;IN
p63;2026-09-20;Pix cliente Prisma;158,80;IN
p64;2026-09-26;TED cliente Beta;6313,87;IN
p65;2026-09-03;TED cliente Epsilon;1097,07;IN
p66;2026-09-11;Boleto cliente Epsilon;308,53;IN
p67;2026-09-12;TED cliente Beta;1741,23;IN
p68;2026-09-27;Pix cliente Zeta;7328,38;IN
p69;2026-09-06;Pix cliente Sigma;6679,53;IN
p70;2026-09-03;Pix cliente Kappa;4925,01;IN
p71;2026-09-27;Pix cliente Ômega;4308,80;IN
p72;2026-09-20;Pix cliente Kappa;658,33;IN
p73;2026-09-16;Boleto cliente Kappa;6777,73;IN
p74;2026-09-19;Boleto cliente Zeta;7626,63;IN
p75;2026-09-06;Boleto cliente Sigma;1389,92;IN
p76;2026-09-13;Pix cliente Delta;4094,43;IN
p77;2026-09-19;Boleto cliente Alfa;6984,67;IN
p78;2026-09-27;TED cliente Alfa;1762,77;IN
p79;2026-09-27;TED cliente Zeta;3700,29;IN
p80;2026-09-20;TED cliente Epsilon;449,08;IN
p81;2026-09-28;TED cliente Epsilon;5657,30;IN
p82;2026-09-05;TED cliente Ômega;968,15;IN
p83;2026-09-03;Boleto cliente Kappa;7700,78;IN
p84;2026-09-11;Pix cliente Delta;6846,40;IN
p85;2026-09-14;Boleto cliente Kappa;7347,90;IN
p86;2026-09-10;Pix cliente Prisma;5710,56;IN
p87;2026-09-15;TED cliente Sigma;3701,12;IN
p88;2026-09-08;Pix cliente Kappa;1126,57;IN
p89;2026-09-14;Pix cliente Sigma;874,03;IN
p90;2026-09-25;Boleto cliente Sigma;5055,20;IN
p91;2026-09-15;Pix cliente Alfa;3232,44;IN
p92;2026-09-09;Boleto cliente Kappa;5432,59;IN
p93;2026-09-07;Pix cliente Alfa;3458,66;IN
p94;2026-09-24;Pix cliente Beta;3843,59;IN
p95;2026-09-06;Boleto cliente Alfa;3325,64;IN
p96;2026-09-14;TED cliente Beta;2486,24;IN
p97;2026-09-28;TED cliente Sigma;7027,16;IN
p98;2026-09-23;Pix cliente Vega;7333,48;IN
p99;2026-09-02;TED cliente Prisma;7808,05;IN
p100;2026-09-27;Boleto cliente Zeta;4278,90;IN
p101;2026-09-04;Boleto cliente Vega;472,30;IN
p102;2026-09-13;Boleto cliente Sigma;6214,59;IN
p103;2026-09-08;Pix cliente Delta;2575,88;IN
p104;2026-09-14;Boleto cliente Alfa;1519,04;IN
p105;2026-09-16;TED cliente Prisma;7076,69;IN
p106;2026-09-22;Boleto cliente Sigma;4979,83;IN
p107;2026-09-08;Boleto cliente Sigma;4617,83;IN
p108;2026-09-21;TED cliente Epsilon;3813,61;IN
p109;2026-09-09;Boleto cliente Alfa;6454,55;IN
p110;2026-09-25;TED cliente Alfa;3473,51;IN
p111;2026-09-21;Pix cliente Prisma;6917,59;IN
p112;2026-09-28;Pix cliente Alfa;1298,54;IN
p113;2026-09-06;Boleto cliente Prisma;2083,61;IN
p114;2026-09-25;TED cliente Prisma;7162,00;IN
p115;2026-09-09;TED cliente Prisma;5613,84;IN
p116;2026-09-09;Pix cliente Zeta;4741,08;IN
p117;2026-09-20;Boleto cliente Vega;202,33;IN
p118;2026-09-16;Pix cliente Prisma;4744,70;IN
p119;2026-09-27;Pix cliente Delta;6458,69;IN
p120;2026-09-28;Boleto cliente Beta;353,22;IN
p121;2026-09-28;TED cliente Kappa;5217,35;IN
p122;2026-09-11;Boleto cliente Ômega;3840,33;IN
p123;2026-09-04;Pix cliente Zeta;5760,14;IN
p124;2026-09-05;Boleto cliente Kappa;7513,30;IN
p125;2026-09-12;Pix cliente Sigma;2267,40;IN
p126;2026-09-26;TED cliente Ômega;4173,33;IN
p127;2026-09-23;Pix cliente Zeta;6811,25;IN
p128;2026-09-04;Boleto cliente Delta;6055,98;IN
p129;2026-09-05;Pix cliente Vega;1142,57;IN
p130;2026-09-09;TED cliente Delta;7208,66;IN
p131;2026-09-25;Boleto cliente Sigma;7355,21;IN
p132;2026-09-10;TED cliente Prisma;2588,19;IN
p133;2026-09-22;TED cliente Prisma;2004,66;IN
p134;2026-09-22;Boleto cliente Sigma;7824,11;IN
p135;2026-09-02;Pix cliente Delta;4419,29;IN
p136;2026-09-07;Boleto cliente Alfa;1309,45;IN
p137;2026-09-22;TED cliente Alfa;4090,43;IN
p138;2026-09-23;TED cliente Epsilon;7345,88;IN
p139;2026-09-02;Boleto cliente Vega;2925,78;IN
p140;2026-09-09;Boleto cliente Kappa;6674,47;IN
p141;2026-09-22;Boleto cliente Epsilon;7468,53;IN
p142;2026-09-24;Pix cliente Kappa;7998,13;IN
p143;2026-09-26;TED cliente Kappa;1835,56;IN
p144;2026-09-11;Pix cliente Epsilon;876,09;IN
p145;2026-09-11;Pix cliente Delta;7474,64;IN
p146;2026-09-26;Pix cliente Beta;6328,91;IN
p147;2026-09-14;TED cliente Vega;3198,33;IN
p148;2026-09-06;Boleto cliente Ômega;528,01;IN
p149;2026-09-08;Pix cliente Vega;1934,65;IN
p150;2026-09-05;Pix cliente Sigma;1065,46;IN
p151;2026-09-05;TED cliente Prisma;3049,87;IN
p152;2026-09-06;Boleto cliente Sigma;7031,38;IN
p153;2026-09-05;Pix cliente Prisma;1470,44;IN
p154;2026-09-28;Pix cliente Delta;7727,77;IN
p155;2026-09-04;Boleto cliente Beta;1823,24;IN
p156;2026-09-18;Pix cliente Beta;4263,85;IN
p157;2026-09-25;Pix cliente Zeta;6885,16;IN
p158;2026-09-08;Boleto cliente Kappa;1974,55;IN
p159;2026-09-18;TED cliente Alfa;6273,15;IN
p160;2026-09-23;Boleto cliente Epsilon;2896,16;IN
p161;2026-09-16;Boleto cliente Alfa;6875,88;IN
p162;2026-09-17;TED cliente Sigma;1926,15;IN
p163;2026-09-19;TED cliente Ômega;3440,64;IN
p164;2026-09-20;Boleto cliente Prisma;4053,52;IN
p165;2026-09-15;Pix cliente Kappa;3584,05;IN
p166;2026-09-01;TED cliente Epsilon;892,48;IN
p167;2026-09-07;Pix cliente Epsilon;5078,95;IN
p168;2026-09-11;TED cliente Kappa;5747,50;IN
p169;2026-09-05;TED cliente Vega;3497,83;IN
p170;2026-09-13;Pix cliente Alfa;2413,40;IN
p171;2026-09-26;Pix cliente Vega;643,84;IN
p172;2026-09-26;TED cliente Vega;643,84;IN
p173;2026-09-23;Pix cliente Sigma;494,91;IN
p174;2026-09-24;TED cliente Beta;494,91;IN
p175;2026-09-14;Pix cliente Delta;1402,45;IN
p176;2026-09-15;TED cliente Kappa;1402,45;IN
p177;2026-09-13;Pix cliente Alfa;843,48;IN
p178;2026-09-13;TED cliente Delta;843,48;IN
p179;2026-09-19;Pix cliente Vega;2567,35;IN
p180;2026-09-19;TED cliente Prisma;2567,35;IN
p181;2026-09-18;Pix cliente Beta;167,38;IN
p182;2026-09-18;TED cliente Delta;167,38;IN
p183;2026-09-04;Pix cliente Prisma;1180,75;IN
p184;2026-09-05;TED cliente Sigma;1180,75;IN
p185;2026-09-21;Pix cliente Beta;2033,11;IN
p186;2026-09-22;TED cliente Sigma;2033,11;IN
p187;2026-09-11;Pix cliente Kappa;1217,03;IN
p188;2026-09-11;TED cliente Epsilon;1217,03;IN
p189;2026-09-24;Pix cliente Alfa;198,10;IN
p190;2026-09-25;TED cliente Prisma;198,10;IN
p191;2026-09-22;TED salário Taurus;3606,53;OUT
p192;2026-09-04;Pix energia Taurus;2139,90;OUT
p193;2026-09-04;Boleto salário Faria;3941,68;OUT
p194;2026-09-09;TED fornecedor Nimbus;720,03;OUT
p195;2026-09-06;Pix salário Faria;1978,33;OUT
p196;2026-09-06;Pix energia Faria;174,59;OUT
p197;2026-09-14;Pix energia Nimbus;1261,41;OUT
p198;2026-09-22;Boleto salário Gama;2319,80;OUT
p199;2026-09-22;TED fornecedor Gama;93,86;OUT
p200;2026-09-15;Boleto aluguel Taurus;358,93;OUT
p201;2026-09-25;TED fornecedor Gama;4415,38;OUT
p202;2026-09-17;Pix aluguel Faria;164,58;OUT
p203;2026-09-21;TED fornecedor Taurus;1241,19;OUT
p204;2026-09-02;Pix aluguel Nimbus;3206,73;OUT
p205;2026-09-08;TED energia Nimbus;3743,53;OUT
p206;2026-09-03;Boleto energia Lambda;1185,08;OUT
p207;2026-09-17;TED fornecedor Gama;868,64;OUT
p208;2026-09-01;TED energia Nimbus;2970,50;OUT
p209;2026-09-26;TED energia Nimbus;1860,51;OUT
p210;2026-09-18;TED salário Faria;1947,45;OUT
p211;2026-09-21;Boleto energia Taurus;4184,25;OUT
p212;2026-09-24;Pix energia Gama;426,17;OUT
p213;2026-09-25;Boleto energia Lambda;2918,41;OUT
p214;2026-09-25;Boleto energia Lambda;1407,66;OUT
p215;2026-09-26;TED aluguel Lambda;3385,41;OUT
p216;2026-09-07;Pix aluguel Gama;217,01;OUT
p217;2026-09-11;Pix DAS Faria;4675,62;OUT
p218;2026-09-20;TED energia Nimbus;156,12;OUT
p219;2026-09-04;TED salário Gama;282,59;OUT
p220;2026-09-24;Pix salário Nimbus;4475,91;OUT
p221;2026-09-02;Boleto salário Lambda;1900,19;OUT
p222;2026-09-14;Boleto fornecedor Gama;2796,93;OUT
p223;2026-09-17;TED aluguel Lambda;2413,09;OUT
p224;2026-09-11;Pix energia Gama;3861,14;OUT
p225;2026-09-26;Pix aluguel Faria;407,72;OUT
p226;2026-09-27;TED DAS Faria;1250,45;OUT
p227;2026-09-12;Pix DAS Gama;98,48;OUT
p228;2026-09-07;TED aluguel Lambda;2440,72;OUT
p229;2026-09-05;Boleto DAS Faria;487,84;OUT
p230;2026-09-26;Pix energia Taurus;1342,01;OUT
p231;2026-09-20;Pix energia Lambda;3022,84;OUT
p232;2026-09-18;Boleto DAS Faria;27,63;OUT
p233;2026-09-28;TED energia Lambda;2329,27;OUT
p234;2026-09-02;TED DAS Lambda;1017,56;OUT
p235;2026-09-16;Boleto DAS Nimbus;3598,63;OUT
p236;2026-09-21;TED fornecedor Taurus;367,78;OUT
p237;2026-09-08;Pix fornecedor Nimbus;2920,21;OUT
p238;2026-09-24;Pix energia Nimbus;2645,30;OUT
p239;2026-09-05;TED aluguel Faria;980,68;OUT
p240;2026-09-12;Boleto aluguel Gama;2942,50;OUT
p241;2026-09-04;Pix aluguel Taurus;1434,12;OUT
p242;2026-09-03;Boleto aluguel Nimbus;1786,46;OUT
p243;2026-09-17;Boleto salário Lambda;908,10;OUT
p244;2026-09-28;Pix aluguel Taurus;3704,29;OUT
p245;2026-09-07;Boleto DAS Gama;3332,91;OUT
p246;2026-09-25;TED energia Gama;949,40;OUT
p247;2026-09-14;Boleto salário Taurus;2285,54;OUT
p248;2026-09-09;Pix DAS Gama;3765,09;OUT
p249;2026-09-08;Pix aluguel Faria;371,01;OUT
p250;2026-09-14;TED aluguel Gama;4376,75;OUT
p251;2026-09-06;Boleto salário Faria;4239,17;OUT
p252;2026-09-23;TED aluguel Gama;357,37;OUT
p253;2026-09-16;TED fornecedor Lambda;929,04;OUT
p254;2026-09-21;Boleto DAS Faria;2068,73;OUT
p255;2026-09-14;Boleto aluguel Taurus;2872,14;OUT
p256;2026-09-11;Boleto DAS Gama;4167,20;OUT
p257;2026-09-19;TED DAS Faria;3707,72;OUT
p258;2026-09-20;Boleto energia Nimbus;4603,93;OUT
p259;2026-09-28;Boleto energia Gama;4350,11;OUT
p260;2026-09-15;Pix fornecedor Gama;1743,12;OUT
p261;2026-09-16;Boleto energia Nimbus;1047,54;OUT
p262;2026-09-03;Boleto aluguel Gama;3051,02;OUT
p263;2026-09-25;Boleto energia Gama;1924,93;OUT
p264;2026-09-26;Pix aluguel Faria;4441,95;OUT
p265;2026-09-02;TED aluguel Taurus;1023,98;OUT
p266;2026-09-28;Boleto DAS Taurus;2460,24;OUT
p267;2026-09-11;TED salário Faria;2232,15;OUT
p268;2026-09-20;TED DAS Faria;47,04;OUT
p269;2026-09-08;Boleto salário Nimbus;3644,26;OUT
p270;2026-09-26;Pix energia Gama;3670,22;OUT
p271;2026-09-04;TED aluguel Faria;316,36;OUT
p272;2026-09-01;Pix fornecedor Gama;2900,51;OUT
p273;2026-09-16;Boleto fornecedor Gama;3919,84;OUT
p274;2026-09-28;TED fornecedor Faria;3577,28;OUT
p275;2026-09-03;Boleto fornecedor Faria;1833,62;OUT
p276;2026-09-22;TED DAS Lambda;1984,75;OUT
p277;2026-09-11;TED energia Gama;2654,21;OUT
p278;2026-09-23;TED DAS Taurus;2927,60;OUT
p279;2026-09-02;Boleto salário Taurus;179,87;OUT
p280;2026-09-27;Pix salário Lambda;4871,25;OUT
p281;2026-09-21;TED energia Taurus;4778,18;OUT
p282;2026-09-02;Pix salário Faria;4619,93;OUT
p283;2026-09-28;TED salário Lambda;23,40;OUT
p284;2026-09-05;Boleto energia Gama;2588,37;OUT
p285;2026-09-12;Pix fornecedor Taurus;203,15;OUT
p286;2026-09-17;Pix aluguel Lambda;1252,27;OUT
p287;2026-09-25;Boleto salário Gama;2725,70;OUT
p288;2026-09-22;TED energia Taurus;3565,00;OUT
p289;2026-09-04;TED energia Faria;2540,41;OUT
p290;2026-09-22;Pix fornecedor Nimbus;3570,16;OUT
p291;2026-09-14;Pix salário Gama;3306,06;OUT
p292;2026-09-21;Boleto aluguel Taurus;1845,25;OUT
p293;2026-09-28;Pix DAS Taurus;2097,71;OUT
p294;2026-09-08;TED aluguel Gama;2569,14;OUT
p295;2026-09-21;Pix salário Gama;4486,70;OUT
p296;2026-09-10;TED energia Lambda;2935,65;OUT
p297;2026-09-28;Boleto aluguel Taurus;107,67;OUT
p298;2026-09-28;TED aluguel Faria;553,61;OUT
p299;2026-09-20;Boleto salário Gama;3058,03;OUT
p300;2026-09-02;TED fornecedor Lambda;1058,91;OUT